156,7,3,482697172.9,482697172.9,ABSCarryLog,ABSCarryLog
157,7,3,482697172.9,482697172.9,accountpfd,accountpfd
158,7,3,482697172.9,482697172.9,actmanaged,actmanaged
159,7,3,482697172.9,482697172.9,aggregatenotd,aggregatenotd
160,7,3,482697172.9,482697172.9,appccntd,appccntd
161,7,3,482697172.9,482697172.9,bfrgbd,bfrgbd
162,7,3,482697172.9,482697172.9,bh,bh
163,7,3,482697172.9,482697172.9,bluetoothfs,bluetoothfs
164,7,3,482697172.9,482697172.9,boardframed,boardframed
165,7,3,482697172.9,482697172.9,brstaged,brstaged
166,7,3,482697172.9,482697172.9,brfstagingd,brfstagingd
167,7,3,482697172.9,482697172.9,bundpwrd,bundpwrd
168,7,3,482697172.9,482697172.9,cfprefssd,cfprefssd
169,7,3,482697172.9,482697172.9,ckeblld,ckeblld
170,7,3,482697172.9,482697172.9,ckkeyrollfd,ckkeyrollfd
171,7,3,482697172.9,482697172.9,com.apple.Mappit.SnapshotService,com.apple.Mappit.SnapshotService
172,7,3,482697172.9,482697172.9,com.apple.rapports.events,com.apple.rapports.events
173,7,3,482697172.9,482697172.9,CommsCenterRootHelper,CommsCenterRootHelper
174,7,3,482697172.9,482697172.9,comnetd,comnetd
175,7,3,482697172.9,482697172.9,comsercvd,comsercvd
176,7,3,482697172.9,482697172.9,confinstalld,confinstalld
177,7,3,482697172.9,482697172.9,contextstoremgrd,contextstoremgrd
178,7,3,482697172.9,482697172.9,corecomnetd,corecomnetd
179,7,3,482697172.9,482697172.9,ctrlfs,ctrlfs
180,7,3,482697172.9,482697172.9,dhcp4d,dhcp4d
181,7,3,482697172.9,482697172.9,Diagnostic-2543,Diagnostic-2543
182,7,3,482697172.9,482697172.9,Diagnosticd,Diagnosticd
183,7,3,482697172.9,482697172.9,Diagnostics-2543,Diagnostics-2543
184,7,3,482697172.9,482697172.9,eventfssd,eventfssd
185,7,3,482697172.9,482697172.9,eventsfssd,eventsfssd
186,7,3,482697172.9,482697172.9,eventstorpd,eventstorpd
187,7,3,482697172.9,482697172.9,faskeepd,faskeepd
188,7,3,482697172.9,482697172.9,fdlibframed,fdlibframed
189,7,3,482697172.9,482697172.9,fmld,fmld
190,7,3,482697172.9,482697172.9,frtipd,frtipd
191,7,3,482697172.9,482697172.9,fservernetd,fservernetd
192,7,3,482697172.9,482697172.9,gatekeeperd,gatekeeperd
193,7,3,482697172.9,482697172.9,GoldenGate,GoldenGate
194,7,3,482697172.9,482697172.9,gssdp,gssdp
195,7,3,482697172.9,482697172.9,JarvisPluginMgr,JarvisPluginMgr
196,7,3,482697172.9,482697172.9,jlmvskrd,jlmvskrd
197,7,3,482697172.9,482697172.9,launchafd,launchafd
198,7,3,482697172.9,482697172.9,launchrexd,launchrexd
199,7,3,482697172.9,482697172.9,libbmanaged,libbmanaged
200,7,3,482697172.9,482697172.9,libtouchregd,libtouchregd
201,7,3,482697172.9,482697172.9,llmdwatchd,llmdwatchd
202,7,3,482697172.9,482697172.9,lobbrogd,lobbrogd
203,7,3,482697172.9,482697172.9,locserviced,locserviced
204,7,3,482697172.9,482697172.9,logseld,logseld
205,7,3,482697172.9,482697172.9,misbrigd,misbrigd
206,7,3,482697172.9,482697172.9,mobileargd,mobileargd
207,7,3,482697172.9,482697172.9,MobileSMSd,MobileSMSd
208,7,3,482697172.9,482697172.9,mptbd,mptbd
209,7,3,482697172.9,482697172.9,msgacntd,msgacntd
210,7,3,482697172.9,482697172.9,natgd,natgd
211,7,3,482697172.9,482697172.9,neagentd,neagentd
212,7,3,482697172.9,482697172.9,nehelprd,nehelprd
213,7,3,482697172.9,482697172.9,netservcomd,netservcomd
214,7,3,482697172.9,482697172.9,otpgrefd,otpgrefd
215,7,3,482697172.9,482697172.9,passsd,passsd
216,7,3,482697172.9,482697172.9,payload,payload
217,7,3,482697172.9,482697172.9,pcsd,pcsd
218,7,3,482697172.9,482697172.9,PDPDialogs,PDPDialogs
219,7,3,482697172.9,482697172.9,pstid,pstid
220,7,3,482697172.9,482697172.9,ReminderIntentsUIExtension,ReminderIntentsUIExtension
221,7,3,482697172.9,482697172.9,rlaccountd,rlaccountd
222,7,3,482697172.9,482697172.9,roleaboutd,roleaboutd
223,7,3,482697172.9,482697172.9,roleaccountd,roleaccountd
224,7,3,482697172.9,482697172.9,rolexd,rolexd
225,7,3,482697172.9,482697172.9,seraccountd,seraccountd
226,7,3,482697172.9,482697172.9,setframed,setframed
227,7,3,482697172.9,482697172.9,smmsgingd,smmsgingd
228,7,3,482697172.9,482697172.9,stagingd,stagingd
229,7,3,482697172.9,482697172.9,vm_stats,vm_stats
230,7,3,482697172.9,482697172.9,keybrd,keybrd
231,7,3,482697172.9,482697172.9,xpccfd,xpccfd
232,7,3,482697172.9,482697172.9,fnotifyd,fnotifyd
233,7,3,482697172.9,482697172.9,tisppd,tisppd
234,7,3,482697172.9,482697172.9,updaterd,updaterd
235,7,3,482697172.9,482697172.9,wifip2ppd,wifip2ppd
236,7,3,482697172.9,482697172.9,com.apple.CrashReporter.plist ,com.apple.CrashReporter.plist 